{"version":6,"validation":{"int8":{"confusion_matrix":[[10,1],[0,25]],"classification_report":{"0":{"precision":1,"recall":0.9090909090909091,"f1-score":0.9523809523809523,"support":11},"1":{"precision":0.9615384615384616,"recall":1,"f1-score":0.9803921568627451,"support":25},"accuracy":0.9722222222222222,"macro avg":{"precision":0.9807692307692308,"recall":0.9545454545454546,"f1-score":0.9663865546218486,"support":36},"weighted avg":{"precision":0.9732905982905984,"recall":0.9722222222222222,"f1-score":0.9718331777155306,"support":36}},"roc_auc":0.9545454545454545,"loss":0.06780304210171585,"support":36,"weighted_average":{"precision":0.9732905982905984,"recall":0.9722222222222222,"f1-score":0.9718331777155306},"class_names":["help","unknown"]},"float32":{"confusion_matrix":[[10,1],[0,25]],"classification_report":{"0":{"precision":1,"recall":0.9090909090909091,"f1-score":0.9523809523809523,"support":11},"1":{"precision":0.9615384615384616,"recall":1,"f1-score":0.9803921568627451,"support":25},"accuracy":0.9722222222222222,"macro avg":{"precision":0.9807692307692308,"recall":0.9545454545454546,"f1-score":0.9663865546218486,"support":36},"weighted avg":{"precision":0.9732905982905984,"recall":0.9722222222222222,"f1-score":0.9718331777155306,"support":36}},"roc_auc":0.9545454545454545,"loss":0.07038072391905442,"support":36,"weighted_average":{"precision":0.9732905982905984,"recall":0.9722222222222222,"f1-score":0.9718331777155306},"class_names":["help","unknown"]}}}